[
  {
    "id": "city-munich-allianz-arena",
    "name": "Allianz Arena",
    "category": "landmarks",
    "lat": 48.2188,
    "lon": 11.6247,
    "source": "static",
    "countryCode": "DE",
    "cityId": "munich",
    "city": "Munich",
    "address": "Hans-Jensen-Weg"
  },
  {
    "id": "city-munich-alte-pinakothek",
    "name": "Alte Pinakothek",
    "category": "museums",
    "lat": 48.1483,
    "lon": 11.5708,
    "source": "static",
    "countryCode": "DE",
    "cityId": "munich",
    "city": "Munich",
    "address": "27 Barer Straße"
  },
  {
    "id": "city-munich-augustiner-keller",
    "name": "Augustiner-Keller",
    "category": "food",
    "lat": 48.1456,
    "lon": 11.5556,
    "source": "static",
    "countryCode": "DE",
    "cityId": "munich",
    "city": "Munich",
    "address": "46-48 Marsstraße"
  },
  {
    "id": "city-munich-bmw-museum",
    "name": "BMW Museum",
    "category": "museums",
    "lat": 48.1767,
    "lon": 11.5595,
    "source": "static",
    "countryCode": "DE",
    "cityId": "munich",
    "city": "Munich",
    "address": "BMW Museum, Munich"
  },
  {
    "id": "city-munich-central-market-munich-2",
    "name": "Central Market (Munich) 2",
    "category": "food",
    "lat": 48.1476,
    "lon": 11.6189,
    "source": "static",
    "countryCode": "DE",
    "cityId": "munich",
    "city": "Munich",
    "address": "Central Market (Munich) 2, Munich"
  },
  {
    "id": "city-munich-chinesischer-turm-beer-garden",
    "name": "Chinesischer Turm Beer Garden",
    "category": "food",
    "lat": 48.1504,
    "lon": 11.5913,
    "source": "static",
    "countryCode": "DE",
    "cityId": "munich",
    "city": "Munich",
    "address": "Chinesischer Turm Beer Garden, Munich"
  },
  {
    "id": "city-munich-city-park-munich-4",
    "name": "City Park (Munich) 4",
    "category": "nature",
    "lat": 48.1567,
    "lon": 11.5478,
    "source": "static",
    "countryCode": "DE",
    "cityId": "munich",
    "city": "Munich",
    "address": "City Park (Munich) 4, Munich"
  },
  {
    "id": "city-munich-deutsches-museum",
    "name": "Deutsches Museum",
    "category": "museums",
    "lat": 48.1303,
    "lon": 11.5836,
    "source": "static",
    "countryCode": "DE",
    "cityId": "munich",
    "city": "Munich",
    "address": "Deutsches Museum, Munich"
  },
  {
    "id": "city-munich-eisbach-wave",
    "name": "Eisbach Wave",
    "category": "nature",
    "lat": 48.142,
    "lon": 11.5887,
    "source": "static",
    "countryCode": "DE",
    "cityId": "munich",
    "city": "Munich",
    "address": "Eisbach Wave, Munich"
  },
  {
    "id": "city-munich-eisbachwelle",
    "name": "Eisbachwelle",
    "category": "nature",
    "lat": 48.1327,
    "lon": 11.556,
    "source": "static",
    "countryCode": "DE",
    "cityId": "munich",
    "city": "Munich",
    "address": "Eisbachwelle, Munich"
  },
  {
    "id": "city-munich-english-garden",
    "name": "English Garden",
    "category": "nature",
    "lat": 48.159,
    "lon": 11.603,
    "source": "static",
    "countryCode": "DE",
    "cityId": "munich",
    "city": "Munich",
    "address": "English Garden, Munich"
  },
  {
    "id": "city-munich-frauenkirche",
    "name": "Frauenkirche",
    "category": "landmarks",
    "lat": 48.1386,
    "lon": 11.5736,
    "source": "static",
    "countryCode": "DE",
    "cityId": "munich",
    "city": "Munich",
    "address": "Frauenkirche, Munich"
  },
  {
    "id": "city-munich-gartnerplatz",
    "name": "Gärtnerplatz",
    "category": "nightlife",
    "lat": 48.1309,
    "lon": 11.575,
    "source": "static",
    "countryCode": "DE",
    "cityId": "munich",
    "city": "Munich",
    "address": "Gärtnerplatz, Munich"
  },
  {
    "id": "city-munich-gasteig-cultural-center",
    "name": "Gasteig Cultural Center",
    "category": "museums",
    "lat": 48.1355,
    "lon": 11.5602,
    "source": "static",
    "countryCode": "DE",
    "cityId": "munich",
    "city": "Munich",
    "address": "Gasteig Cultural Center, Munich"
  },
  {
    "id": "city-munich-giesing-neighborhood",
    "name": "Giesing Neighborhood",
    "category": "food",
    "lat": 48.112,
    "lon": 11.581,
    "source": "static",
    "countryCode": "DE",
    "cityId": "munich",
    "city": "Munich",
    "address": "Giesing Neighborhood, Munich"
  },
  {
    "id": "city-munich-glockenbachviertel",
    "name": "Glockenbachviertel",
    "category": "nightlife",
    "lat": 48.127,
    "lon": 11.574,
    "source": "static",
    "countryCode": "DE",
    "cityId": "munich",
    "city": "Munich",
    "address": "Glockenbachviertel, Munich"
  },
  {
    "id": "city-munich-hellabrunn-zoo",
    "name": "Hellabrunn Zoo",
    "category": "nature",
    "lat": 48.1451,
    "lon": 11.6059,
    "source": "static",
    "countryCode": "DE",
    "cityId": "munich",
    "city": "Munich",
    "address": "Hellabrunn Zoo, Munich"
  },
  {
    "id": "city-munich-hirschgarten",
    "name": "Hirschgarten",
    "category": "nature",
    "lat": 48.153,
    "lon": 11.5295,
    "source": "static",
    "countryCode": "DE",
    "cityId": "munich",
    "city": "Munich",
    "address": "Hirschgarten, Munich"
  },
  {
    "id": "city-munich-historic-cathedral-munich-5",
    "name": "Historic Cathedral (Munich) 5",
    "category": "landmarks",
    "lat": 48.1508,
    "lon": 11.6054,
    "source": "static",
    "countryCode": "DE",
    "cityId": "munich",
    "city": "Munich",
    "address": "Historic Cathedral (Munich) 5, Munich"
  },
  {
    "id": "city-munich-hofbraeuhaus",
    "name": "Hofbraeuhaus",
    "category": "nightlife",
    "lat": 48.1508,
    "lon": 11.5859,
    "source": "static",
    "countryCode": "DE",
    "cityId": "munich",
    "city": "Munich",
    "address": "Hofbraeuhaus, Munich"
  },
  {
    "id": "city-munich-hofbrauhaus",
    "name": "Hofbrauhaus",
    "category": "nightlife",
    "lat": 48.1371,
    "lon": 11.5795,
    "source": "static",
    "countryCode": "DE",
    "cityId": "munich",
    "city": "Munich",
    "address": "Hofbrauhaus, Munich"
  },
  {
    "id": "city-munich-isar-river-flaucher",
    "name": "Isar River (Flaucher)",
    "category": "nature",
    "lat": 48.102,
    "lon": 11.544,
    "source": "static",
    "countryCode": "DE",
    "cityId": "munich",
    "city": "Munich",
    "address": "Isar River (Flaucher), Munich"
  },
  {
    "id": "city-munich-isar-river-walks",
    "name": "Isar River Walks",
    "category": "nature",
    "lat": 48.1439,
    "lon": 11.5615,
    "source": "static",
    "countryCode": "DE",
    "cityId": "munich",
    "city": "Munich",
    "address": "Isar River Walks, Munich"
  },
  {
    "id": "city-munich-karlsplatz-stachus",
    "name": "Karlsplatz (Stachus)",
    "category": "landmarks",
    "lat": 48.1405,
    "lon": 11.5657,
    "source": "static",
    "countryCode": "DE",
    "cityId": "munich",
    "city": "Munich",
    "address": "Karlsplatz (Stachus), Munich"
  },
  {
    "id": "city-munich-marienplatz",
    "name": "Marienplatz",
    "category": "landmarks",
    "lat": 48.1374,
    "lon": 11.5755,
    "source": "static",
    "countryCode": "DE",
    "cityId": "munich",
    "city": "Munich",
    "address": "Marienplatz, Munich"
  },
  {
    "id": "city-munich-maximilianstrasse",
    "name": "Maximilianstrasse",
    "category": "food",
    "lat": 48.1203,
    "lon": 11.5936,
    "source": "static",
    "countryCode": "DE",
    "cityId": "munich",
    "city": "Munich",
    "address": "Maximilianstrasse, Munich"
  },
  {
    "id": "city-munich-modern-art-gallery-munich-6",
    "name": "Modern Art Gallery (Munich) 6",
    "category": "museums",
    "lat": 48.1141,
    "lon": 11.6118,
    "source": "static",
    "countryCode": "DE",
    "cityId": "munich",
    "city": "Munich",
    "address": "Modern Art Gallery (Munich) 6, Munich"
  },
  {
    "id": "city-munich-nightlife-district-munich-7",
    "name": "Nightlife District (Munich) 7",
    "category": "nightlife",
    "lat": 48.136,
    "lon": 11.5596,
    "source": "static",
    "countryCode": "DE",
    "cityId": "munich",
    "city": "Munich",
    "address": "Nightlife District (Munich) 7, Munich"
  },
  {
    "id": "city-munich-nymphenburg-palace",
    "name": "Nymphenburg Palace",
    "category": "landmarks",
    "lat": 48.158,
    "lon": 11.503,
    "source": "static",
    "countryCode": "DE",
    "cityId": "munich",
    "city": "Munich",
    "address": "Nymphenburg Palace, Munich"
  },
  {
    "id": "city-munich-odeonsplatz",
    "name": "Odeonsplatz",
    "category": "landmarks",
    "lat": 48.1505,
    "lon": 11.5792,
    "source": "static",
    "countryCode": "DE",
    "cityId": "munich",
    "city": "Munich",
    "address": "Odeonsplatz, Munich"
  },
  {
    "id": "city-munich-old-town-munich-1",
    "name": "Old Town (Munich) 1",
    "category": "landmarks",
    "lat": 48.1443,
    "lon": 11.5693,
    "source": "static",
    "countryCode": "DE",
    "cityId": "munich",
    "city": "Munich",
    "address": "Old Town (Munich) 1, Munich"
  },
  {
    "id": "city-munich-olympiapark",
    "name": "Olympiapark",
    "category": "nature",
    "lat": 48.1735,
    "lon": 11.546,
    "source": "static",
    "countryCode": "DE",
    "cityId": "munich",
    "city": "Munich",
    "address": "Olympiapark, Munich"
  },
  {
    "id": "city-munich-olympiaturm-viewpoint",
    "name": "Olympiaturm Viewpoint",
    "category": "landmarks",
    "lat": 48.1753,
    "lon": 11.552,
    "source": "static",
    "countryCode": "DE",
    "cityId": "munich",
    "city": "Munich",
    "address": "Olympiaturm Viewpoint, Munich"
  },
  {
    "id": "city-munich-olympic-tower",
    "name": "Olympic Tower",
    "category": "landmarks",
    "lat": 48.1363,
    "lon": 11.5948,
    "source": "static",
    "countryCode": "DE",
    "cityId": "munich",
    "city": "Munich",
    "address": "Olympic Tower, Munich"
  },
  {
    "id": "city-munich-pinakothek-der-moderne",
    "name": "Pinakothek der Moderne",
    "category": "museums",
    "lat": 48.1471,
    "lon": 11.5722,
    "source": "static",
    "countryCode": "DE",
    "cityId": "munich",
    "city": "Munich",
    "address": "Pinakothek der Moderne, Munich"
  },
  {
    "id": "city-munich-residenz",
    "name": "Munich Residenz",
    "category": "landmarks",
    "lat": 48.1391,
    "lon": 11.5796,
    "source": "static",
    "countryCode": "DE",
    "cityId": "munich",
    "city": "Munich",
    "address": "Munich Residenz, Munich"
  },
  {
    "id": "city-munich-riverside-promenade-munich-3",
    "name": "Riverside Promenade (Munich) 3",
    "category": "nature",
    "lat": 48.1533,
    "lon": 11.5896,
    "source": "static",
    "countryCode": "DE",
    "cityId": "munich",
    "city": "Munich",
    "address": "Riverside Promenade (Munich) 3, Munich"
  },
  {
    "id": "city-munich-sendlinger-tor",
    "name": "Sendlinger Tor",
    "category": "landmarks",
    "lat": 48.1334,
    "lon": 11.5683,
    "source": "static",
    "countryCode": "DE",
    "cityId": "munich",
    "city": "Munich",
    "address": "Sendlinger Tor, Munich"
  },
  {
    "id": "city-munich-theresienwiese",
    "name": "Theresienwiese",
    "category": "landmarks",
    "lat": 48.1319,
    "lon": 11.5498,
    "source": "static",
    "countryCode": "DE",
    "cityId": "munich",
    "city": "Munich",
    "address": "Theresienwiese, Munich"
  },
  {
    "id": "city-munich-viktualienmarkt",
    "name": "Viktualienmarkt",
    "category": "food",
    "lat": 48.1351,
    "lon": 11.5761,
    "source": "static",
    "countryCode": "DE",
    "cityId": "munich",
    "city": "Munich",
    "address": "Viktualienmarkt, Munich"
  }
]
