[
  {
    "id": "stay-1",
    "title": "Barcelona Stay 1",
    "lat": 41.34874,
    "lon": 2.17176,
    "price": 224,
    "currency": "EUR",
    "imageUrl": "https://images.unsplash.com/photo-1505691938895-1758d7feb511?auto=format&fit=crop&w=400&q=60",
    "rating": 4.03,
    "url": "https://www.airbnb.ch/rooms/3000000",
    "source": "mock",
    "countryCode": "ES"
  },
  {
    "id": "stay-2",
    "title": "Madrid Stay 2",
    "lat": 40.44627,
    "lon": -3.71059,
    "price": 226,
    "currency": "EUR",
    "imageUrl": "https://images.unsplash.com/photo-1505693416388-ac5ce068fe85?auto=format&fit=crop&w=400&q=60",
    "rating": 4.49,
    "url": "https://www.airbnb.ch/rooms/3000001",
    "source": "mock",
    "countryCode": "ES"
  },
  {
    "id": "stay-3",
    "title": "Valencia Stay 3",
    "lat": 39.50324,
    "lon": -0.38094,
    "price": 144,
    "currency": "EUR",
    "imageUrl": "https://images.unsplash.com/photo-1505691723518-36a5ac3be353?auto=format&fit=crop&w=400&q=60",
    "rating": 4.75,
    "url": "https://www.airbnb.ch/rooms/3000002",
    "source": "mock",
    "countryCode": "ES"
  },
  {
    "id": "stay-4",
    "title": "Sevilla Stay 4",
    "lat": 37.38173,
    "lon": -5.99228,
    "price": 234,
    "currency": "EUR",
    "imageUrl": "https://images.unsplash.com/photo-1445019980597-93fa8acb246c?auto=format&fit=crop&w=400&q=60",
    "rating": 4.39,
    "url": "https://www.airbnb.ch/rooms/3000003",
    "source": "mock",
    "countryCode": "ES"
  },
  {
    "id": "stay-5",
    "title": "Malaga Stay 5",
    "lat": 36.73768,
    "lon": -4.4017,
    "price": 174,
    "currency": "EUR",
    "imageUrl": "https://images.unsplash.com/photo-1484154218962-a197022b5858?auto=format&fit=crop&w=400&q=60",
    "rating": 4.68,
    "url": "https://www.airbnb.ch/rooms/3000004",
    "source": "mock",
    "countryCode": "ES"
  },
  {
    "id": "stay-6",
    "title": "Bilbao Stay 6",
    "lat": 43.2424,
    "lon": -2.97077,
    "price": 183,
    "currency": "EUR",
    "imageUrl": "https://images.unsplash.com/photo-1502672023488-70e25813eb80?auto=format&fit=crop&w=400&q=60",
    "rating": 4.82,
    "url": "https://www.airbnb.ch/rooms/3000005",
    "source": "mock",
    "countryCode": "ES"
  },
  {
    "id": "stay-7",
    "title": "San Sebastian Stay 7",
    "lat": 43.32805,
    "lon": -1.98937,
    "price": 168,
    "currency": "EUR",
    "imageUrl": "https://images.unsplash.com/photo-1507089947368-19c1da9775ae?auto=format&fit=crop&w=400&q=60",
    "rating": 4.47,
    "url": "https://www.airbnb.ch/rooms/3000006",
    "source": "mock",
    "countryCode": "ES"
  },
  {
    "id": "stay-8",
    "title": "Granada Stay 8",
    "lat": 37.14885,
    "lon": -3.57635,
    "price": 121,
    "currency": "EUR",
    "imageUrl": "https://images.unsplash.com/photo-1512917774080-9991f1c4c750?auto=format&fit=crop&w=400&q=60",
    "rating": 4.2,
    "url": "https://www.airbnb.ch/rooms/3000007",
    "source": "mock",
    "countryCode": "ES"
  },
  {
    "id": "stay-9",
    "title": "Zaragoza Stay 9",
    "lat": 41.61792,
    "lon": -0.89162,
    "price": 139,
    "currency": "EUR",
    "imageUrl": "https://images.unsplash.com/photo-1505691938895-1758d7feb511?auto=format&fit=crop&w=400&q=60",
    "rating": 4.71,
    "url": "https://www.airbnb.ch/rooms/3000008",
    "source": "mock",
    "countryCode": "ES"
  },
  {
    "id": "stay-10",
    "title": "Alicante Stay 10",
    "lat": 38.35337,
    "lon": -0.48796,
    "price": 166,
    "currency": "EUR",
    "imageUrl": "https://images.unsplash.com/photo-1505693416388-ac5ce068fe85?auto=format&fit=crop&w=400&q=60",
    "rating": 4.87,
    "url": "https://www.airbnb.ch/rooms/3000009",
    "source": "mock",
    "countryCode": "ES"
  },
  {
    "id": "stay-11",
    "title": "Palma Stay 11",
    "lat": 39.53718,
    "lon": 2.68883,
    "price": 188,
    "currency": "EUR",
    "imageUrl": "https://images.unsplash.com/photo-1505691723518-36a5ac3be353?auto=format&fit=crop&w=400&q=60",
    "rating": 4.73,
    "url": "https://www.airbnb.ch/rooms/3000010",
    "source": "mock",
    "countryCode": "ES"
  },
  {
    "id": "stay-12",
    "title": "Salamanca Stay 12",
    "lat": 40.94768,
    "lon": -5.69,
    "price": 222,
    "currency": "EUR",
    "imageUrl": "https://images.unsplash.com/photo-1445019980597-93fa8acb246c?auto=format&fit=crop&w=400&q=60",
    "rating": 4.8,
    "url": "https://www.airbnb.ch/rooms/3000011",
    "source": "mock",
    "countryCode": "ES"
  },
  {
    "id": "stay-13",
    "title": "Cordoba Stay 13",
    "lat": 37.87718,
    "lon": -4.74838,
    "price": 202,
    "currency": "EUR",
    "imageUrl": "https://images.unsplash.com/photo-1484154218962-a197022b5858?auto=format&fit=crop&w=400&q=60",
    "rating": 4.24,
    "url": "https://www.airbnb.ch/rooms/3000012",
    "source": "mock",
    "countryCode": "ES"
  },
  {
    "id": "stay-14",
    "title": "Cadiz Stay 14",
    "lat": 36.55323,
    "lon": -6.29213,
    "price": 222,
    "currency": "EUR",
    "imageUrl": "https://images.unsplash.com/photo-1502672023488-70e25813eb80?auto=format&fit=crop&w=400&q=60",
    "rating": 4.28,
    "url": "https://www.airbnb.ch/rooms/3000013",
    "source": "mock",
    "countryCode": "ES"
  },
  {
    "id": "stay-15",
    "title": "Santiago Stay 15",
    "lat": 42.90463,
    "lon": -8.512,
    "price": 204,
    "currency": "EUR",
    "imageUrl": "https://images.unsplash.com/photo-1507089947368-19c1da9775ae?auto=format&fit=crop&w=400&q=60",
    "rating": 4.4,
    "url": "https://www.airbnb.ch/rooms/3000014",
    "source": "mock",
    "countryCode": "ES"
  },
  {
    "id": "stay-16",
    "title": "Girona Stay 16",
    "lat": 41.97255,
    "lon": 2.84183,
    "price": 60,
    "currency": "EUR",
    "imageUrl": "https://images.unsplash.com/photo-1512917774080-9991f1c4c750?auto=format&fit=crop&w=400&q=60",
    "rating": 4.67,
    "url": "https://www.airbnb.ch/rooms/3000015",
    "source": "mock",
    "countryCode": "ES"
  },
  {
    "id": "stay-17",
    "title": "Tarragona Stay 17",
    "lat": 41.1206,
    "lon": 1.25031,
    "price": 129,
    "currency": "EUR",
    "imageUrl": "https://images.unsplash.com/photo-1505691938895-1758d7feb511?auto=format&fit=crop&w=400&q=60",
    "rating": 4.87,
    "url": "https://www.airbnb.ch/rooms/3000016",
    "source": "mock",
    "countryCode": "ES"
  },
  {
    "id": "stay-18",
    "title": "Murcia Stay 18",
    "lat": 38.02807,
    "lon": -1.1087,
    "price": 186,
    "currency": "EUR",
    "imageUrl": "https://images.unsplash.com/photo-1505693416388-ac5ce068fe85?auto=format&fit=crop&w=400&q=60",
    "rating": 4.22,
    "url": "https://www.airbnb.ch/rooms/3000017",
    "source": "mock",
    "countryCode": "ES"
  },
  {
    "id": "stay-19",
    "title": "Vigo Stay 19",
    "lat": 42.20118,
    "lon": -8.68482,
    "price": 166,
    "currency": "EUR",
    "imageUrl": "https://images.unsplash.com/photo-1505691723518-36a5ac3be353?auto=format&fit=crop&w=400&q=60",
    "rating": 4.36,
    "url": "https://www.airbnb.ch/rooms/3000018",
    "source": "mock",
    "countryCode": "ES"
  },
  {
    "id": "stay-20",
    "title": "Toledo Stay 20",
    "lat": 39.89634,
    "lon": -4.01639,
    "price": 178,
    "currency": "EUR",
    "imageUrl": "https://images.unsplash.com/photo-1445019980597-93fa8acb246c?auto=format&fit=crop&w=400&q=60",
    "rating": 4.29,
    "url": "https://www.airbnb.ch/rooms/3000019",
    "source": "mock",
    "countryCode": "ES"
  },
  {
    "id": "stay-21",
    "title": "Marbella Stay 21",
    "lat": 36.54077,
    "lon": -4.89595,
    "price": 84,
    "currency": "EUR",
    "imageUrl": "https://images.unsplash.com/photo-1484154218962-a197022b5858?auto=format&fit=crop&w=400&q=60",
    "rating": 4.73,
    "url": "https://www.airbnb.ch/rooms/3000020",
    "source": "mock",
    "countryCode": "ES"
  },
  {
    "id": "stay-22",
    "title": "Ibiza Stay 22",
    "lat": 38.87465,
    "lon": 1.38348,
    "price": 68,
    "currency": "EUR",
    "imageUrl": "https://images.unsplash.com/photo-1502672023488-70e25813eb80?auto=format&fit=crop&w=400&q=60",
    "rating": 4.19,
    "url": "https://www.airbnb.ch/rooms/3000021",
    "source": "mock",
    "countryCode": "ES"
  },
  {
    "id": "stay-23",
    "title": "Oviedo Stay 23",
    "lat": 43.33111,
    "lon": -5.83235,
    "price": 181,
    "currency": "EUR",
    "imageUrl": "https://images.unsplash.com/photo-1507089947368-19c1da9775ae?auto=format&fit=crop&w=400&q=60",
    "rating": 4.26,
    "url": "https://www.airbnb.ch/rooms/3000022",
    "source": "mock",
    "countryCode": "ES"
  },
  {
    "id": "stay-24",
    "title": "Santander Stay 24",
    "lat": 43.48167,
    "lon": -3.84506,
    "price": 162,
    "currency": "EUR",
    "imageUrl": "https://images.unsplash.com/photo-1512917774080-9991f1c4c750?auto=format&fit=crop&w=400&q=60",
    "rating": 4.5,
    "url": "https://www.airbnb.ch/rooms/3000023",
    "source": "mock",
    "countryCode": "ES"
  },
  {
    "id": "stay-25",
    "title": "Pamplona Stay 25",
    "lat": 42.83958,
    "lon": -1.63736,
    "price": 158,
    "currency": "EUR",
    "imageUrl": "https://images.unsplash.com/photo-1505691938895-1758d7feb511?auto=format&fit=crop&w=400&q=60",
    "rating": 4.7,
    "url": "https://www.airbnb.ch/rooms/3000024",
    "source": "mock",
    "countryCode": "ES"
  },
  {
    "id": "stay-26",
    "title": "Barcelona Stay 26",
    "lat": 41.37687,
    "lon": 2.16171,
    "price": 187,
    "currency": "EUR",
    "imageUrl": "https://images.unsplash.com/photo-1505693416388-ac5ce068fe85?auto=format&fit=crop&w=400&q=60",
    "rating": 4.71,
    "url": "https://www.airbnb.ch/rooms/3000025",
    "source": "mock",
    "countryCode": "ES"
  },
  {
    "id": "stay-27",
    "title": "Madrid Stay 27",
    "lat": 40.42966,
    "lon": -3.71733,
    "price": 89,
    "currency": "EUR",
    "imageUrl": "https://images.unsplash.com/photo-1505691723518-36a5ac3be353?auto=format&fit=crop&w=400&q=60",
    "rating": 4.13,
    "url": "https://www.airbnb.ch/rooms/3000026",
    "source": "mock",
    "countryCode": "ES"
  },
  {
    "id": "stay-28",
    "title": "Valencia Stay 28",
    "lat": 39.50028,
    "lon": -0.36062,
    "price": 96,
    "currency": "EUR",
    "imageUrl": "https://images.unsplash.com/photo-1445019980597-93fa8acb246c?auto=format&fit=crop&w=400&q=60",
    "rating": 4.63,
    "url": "https://www.airbnb.ch/rooms/3000027",
    "source": "mock",
    "countryCode": "ES"
  },
  {
    "id": "stay-29",
    "title": "Sevilla Stay 29",
    "lat": 37.36565,
    "lon": -5.98818,
    "price": 83,
    "currency": "EUR",
    "imageUrl": "https://images.unsplash.com/photo-1484154218962-a197022b5858?auto=format&fit=crop&w=400&q=60",
    "rating": 4.26,
    "url": "https://www.airbnb.ch/rooms/3000028",
    "source": "mock",
    "countryCode": "ES"
  },
  {
    "id": "stay-30",
    "title": "Malaga Stay 30",
    "lat": 36.74437,
    "lon": -4.38343,
    "price": 220,
    "currency": "EUR",
    "imageUrl": "https://images.unsplash.com/photo-1502672023488-70e25813eb80?auto=format&fit=crop&w=400&q=60",
    "rating": 4.7,
    "url": "https://www.airbnb.ch/rooms/3000029",
    "source": "mock",
    "countryCode": "ES"
  },
  {
    "id": "stay-31",
    "title": "Bilbao Stay 31",
    "lat": 43.27132,
    "lon": -2.9592,
    "price": 150,
    "currency": "EUR",
    "imageUrl": "https://images.unsplash.com/photo-1507089947368-19c1da9775ae?auto=format&fit=crop&w=400&q=60",
    "rating": 4.75,
    "url": "https://www.airbnb.ch/rooms/3000030",
    "source": "mock",
    "countryCode": "ES"
  },
  {
    "id": "stay-32",
    "title": "San Sebastian Stay 32",
    "lat": 43.33715,
    "lon": -1.97438,
    "price": 232,
    "currency": "EUR",
    "imageUrl": "https://images.unsplash.com/photo-1512917774080-9991f1c4c750?auto=format&fit=crop&w=400&q=60",
    "rating": 4.67,
    "url": "https://www.airbnb.ch/rooms/3000031",
    "source": "mock",
    "countryCode": "ES"
  },
  {
    "id": "stay-33",
    "title": "Granada Stay 33",
    "lat": 37.21426,
    "lon": -3.58916,
    "price": 185,
    "currency": "EUR",
    "imageUrl": "https://images.unsplash.com/photo-1505691938895-1758d7feb511?auto=format&fit=crop&w=400&q=60",
    "rating": 4.75,
    "url": "https://www.airbnb.ch/rooms/3000032",
    "source": "mock",
    "countryCode": "ES"
  },
  {
    "id": "stay-34",
    "title": "Zaragoza Stay 34",
    "lat": 41.60921,
    "lon": -0.927,
    "price": 190,
    "currency": "EUR",
    "imageUrl": "https://images.unsplash.com/photo-1505693416388-ac5ce068fe85?auto=format&fit=crop&w=400&q=60",
    "rating": 4.06,
    "url": "https://www.airbnb.ch/rooms/3000033",
    "source": "mock",
    "countryCode": "ES"
  },
  {
    "id": "stay-35",
    "title": "Alicante Stay 35",
    "lat": 38.35747,
    "lon": -0.458,
    "price": 171,
    "currency": "EUR",
    "imageUrl": "https://images.unsplash.com/photo-1505691723518-36a5ac3be353?auto=format&fit=crop&w=400&q=60",
    "rating": 4.27,
    "url": "https://www.airbnb.ch/rooms/3000034",
    "source": "mock",
    "countryCode": "ES"
  },
  {
    "id": "stay-36",
    "title": "Palma Stay 36",
    "lat": 39.604,
    "lon": 2.68509,
    "price": 236,
    "currency": "EUR",
    "imageUrl": "https://images.unsplash.com/photo-1445019980597-93fa8acb246c?auto=format&fit=crop&w=400&q=60",
    "rating": 4.42,
    "url": "https://www.airbnb.ch/rooms/3000035",
    "source": "mock",
    "countryCode": "ES"
  },
  {
    "id": "stay-37",
    "title": "Salamanca Stay 37",
    "lat": 40.95876,
    "lon": -5.69064,
    "price": 161,
    "currency": "EUR",
    "imageUrl": "https://images.unsplash.com/photo-1484154218962-a197022b5858?auto=format&fit=crop&w=400&q=60",
    "rating": 4.85,
    "url": "https://www.airbnb.ch/rooms/3000036",
    "source": "mock",
    "countryCode": "ES"
  },
  {
    "id": "stay-38",
    "title": "Cordoba Stay 38",
    "lat": 37.87124,
    "lon": -4.81326,
    "price": 95,
    "currency": "EUR",
    "imageUrl": "https://images.unsplash.com/photo-1502672023488-70e25813eb80?auto=format&fit=crop&w=400&q=60",
    "rating": 4.82,
    "url": "https://www.airbnb.ch/rooms/3000037",
    "source": "mock",
    "countryCode": "ES"
  },
  {
    "id": "stay-39",
    "title": "Cadiz Stay 39",
    "lat": 36.52747,
    "lon": -6.32645,
    "price": 99,
    "currency": "EUR",
    "imageUrl": "https://images.unsplash.com/photo-1507089947368-19c1da9775ae?auto=format&fit=crop&w=400&q=60",
    "rating": 4.29,
    "url": "https://www.airbnb.ch/rooms/3000038",
    "source": "mock",
    "countryCode": "ES"
  },
  {
    "id": "stay-40",
    "title": "Santiago Stay 40",
    "lat": 42.8693,
    "lon": -8.546,
    "price": 192,
    "currency": "EUR",
    "imageUrl": "https://images.unsplash.com/photo-1512917774080-9991f1c4c750?auto=format&fit=crop&w=400&q=60",
    "rating": 4.34,
    "url": "https://www.airbnb.ch/rooms/3000039",
    "source": "mock",
    "countryCode": "ES"
  },
  {
    "id": "stay-41",
    "title": "Girona Stay 41",
    "lat": 41.95193,
    "lon": 2.85339,
    "price": 132,
    "currency": "EUR",
    "imageUrl": "https://images.unsplash.com/photo-1505691938895-1758d7feb511?auto=format&fit=crop&w=400&q=60",
    "rating": 4.85,
    "url": "https://www.airbnb.ch/rooms/3000040",
    "source": "mock",
    "countryCode": "ES"
  },
  {
    "id": "stay-42",
    "title": "Tarragona Stay 42",
    "lat": 41.11259,
    "lon": 1.25058,
    "price": 160,
    "currency": "EUR",
    "imageUrl": "https://images.unsplash.com/photo-1505693416388-ac5ce068fe85?auto=format&fit=crop&w=400&q=60",
    "rating": 4.37,
    "url": "https://www.airbnb.ch/rooms/3000041",
    "source": "mock",
    "countryCode": "ES"
  },
  {
    "id": "stay-43",
    "title": "Murcia Stay 43",
    "lat": 37.99793,
    "lon": -1.13687,
    "price": 236,
    "currency": "EUR",
    "imageUrl": "https://images.unsplash.com/photo-1505691723518-36a5ac3be353?auto=format&fit=crop&w=400&q=60",
    "rating": 4.83,
    "url": "https://www.airbnb.ch/rooms/3000042",
    "source": "mock",
    "countryCode": "ES"
  },
  {
    "id": "stay-44",
    "title": "Vigo Stay 44",
    "lat": 42.2182,
    "lon": -8.73388,
    "price": 102,
    "currency": "EUR",
    "imageUrl": "https://images.unsplash.com/photo-1445019980597-93fa8acb246c?auto=format&fit=crop&w=400&q=60",
    "rating": 4.85,
    "url": "https://www.airbnb.ch/rooms/3000043",
    "source": "mock",
    "countryCode": "ES"
  },
  {
    "id": "stay-45",
    "title": "Toledo Stay 45",
    "lat": 39.86652,
    "lon": -3.99127,
    "price": 169,
    "currency": "EUR",
    "imageUrl": "https://images.unsplash.com/photo-1484154218962-a197022b5858?auto=format&fit=crop&w=400&q=60",
    "rating": 4.38,
    "url": "https://www.airbnb.ch/rooms/3000044",
    "source": "mock",
    "countryCode": "ES"
  },
  {
    "id": "stay-46",
    "title": "Marbella Stay 46",
    "lat": 36.54614,
    "lon": -4.86093,
    "price": 80,
    "currency": "EUR",
    "imageUrl": "https://images.unsplash.com/photo-1502672023488-70e25813eb80?auto=format&fit=crop&w=400&q=60",
    "rating": 4.32,
    "url": "https://www.airbnb.ch/rooms/3000045",
    "source": "mock",
    "countryCode": "ES"
  },
  {
    "id": "stay-47",
    "title": "Ibiza Stay 47",
    "lat": 38.88636,
    "lon": 1.38355,
    "price": 157,
    "currency": "EUR",
    "imageUrl": "https://images.unsplash.com/photo-1507089947368-19c1da9775ae?auto=format&fit=crop&w=400&q=60",
    "rating": 4.46,
    "url": "https://www.airbnb.ch/rooms/3000046",
    "source": "mock",
    "countryCode": "ES"
  },
  {
    "id": "stay-48",
    "title": "Oviedo Stay 48",
    "lat": 43.39536,
    "lon": -5.84279,
    "price": 177,
    "currency": "EUR",
    "imageUrl": "https://images.unsplash.com/photo-1512917774080-9991f1c4c750?auto=format&fit=crop&w=400&q=60",
    "rating": 4.35,
    "url": "https://www.airbnb.ch/rooms/3000047",
    "source": "mock",
    "countryCode": "ES"
  },
  {
    "id": "stay-49",
    "title": "Santander Stay 49",
    "lat": 43.43139,
    "lon": -3.82579,
    "price": 207,
    "currency": "EUR",
    "imageUrl": "https://images.unsplash.com/photo-1505691938895-1758d7feb511?auto=format&fit=crop&w=400&q=60",
    "rating": 4.08,
    "url": "https://www.airbnb.ch/rooms/3000048",
    "source": "mock",
    "countryCode": "ES"
  },
  {
    "id": "stay-50",
    "title": "Pamplona Stay 50",
    "lat": 42.84433,
    "lon": -1.6217,
    "price": 137,
    "currency": "EUR",
    "imageUrl": "https://images.unsplash.com/photo-1505693416388-ac5ce068fe85?auto=format&fit=crop&w=400&q=60",
    "rating": 4.86,
    "url": "https://www.airbnb.ch/rooms/3000049",
    "source": "mock",
    "countryCode": "ES"
  }
]